{
  "weapons": {
    "netherite_frost_hammer": {
      "attack_damage": 6.0,
      "attack_speed": -3.0,
      "attributes": [
        {
          "id": "spell_power:frost",
          "value": 3.0,
          "operation": "ADDITION"
        }
      ]
    },
    "iron_arcane_blade": {
      "attack_damage": 3.5,
      "attack_speed": -2.2,
      "attributes": [
        {
          "id": "spell_power:arcane",
          "value": 2.0,
          "operation": "ADDITION"
        }
      ]
    },
    "dragonsteel_frost_hammer": {
      "attack_damage": 7.0,
      "attack_speed": -3.0,
      "attributes": [
        {
          "id": "spell_power:frost",
          "value": 4.0,
          "operation": "ADDITION"
        }
      ]
    },
    "dragonsteel_arcane_blade": {
      "attack_damage": 5.5,
      "attack_speed": -2.2,
      "attributes": [
        {
          "id": "spell_power:arcane",
          "value": 4.0,
          "operation": "ADDITION"
        }
      ]
    },
    "iron_frost_hammer": {
      "attack_damage": 5.0,
      "attack_speed": -3.0,
      "attributes": [
        {
          "id": "spell_power:frost",
          "value": 2.0,
          "operation": "ADDITION"
        }
      ]
    },
    "iron_fire_flamberge": {
      "attack_damage": 6.0,
      "attack_speed": -3.2,
      "attributes": [
        {
          "id": "spell_power:fire",
          "value": 3.0,
          "operation": "ADDITION"
        }
      ]
    },
    "iron_frost_great_hammer": {
      "attack_damage": 7.0,
      "attack_speed": -3.4,
      "attributes": [
        {
          "id": "spell_power:frost",
          "value": 3.0,
          "operation": "ADDITION"
        }
      ]
    },
    "netherite_arcane_blade": {
      "attack_damage": 4.5,
      "attack_speed": -2.2,
      "attributes": [
        {
          "id": "spell_power:arcane",
          "value": 3.0,
          "operation": "ADDITION"
        }
      ]
    },
    "netherite_frost_great_hammer": {
      "attack_damage": 9.0,
      "attack_speed": -3.4,
      "attributes": [
        {
          "id": "spell_power:frost",
          "value": 4.0,
          "operation": "ADDITION"
        }
      ]
    },
    "netherite_fire_flamberge": {
      "attack_damage": 8.0,
      "attack_speed": -3.2,
      "attributes": [
        {
          "id": "spell_power:fire",
          "value": 4.0,
          "operation": "ADDITION"
        }
      ]
    },
    "netherite_fire_sword": {
      "attack_damage": 5.0,
      "attack_speed": -2.4,
      "attributes": [
        {
          "id": "spell_power:fire",
          "value": 3.0,
          "operation": "ADDITION"
        }
      ]
    },
    "iron_fire_sword": {
      "attack_damage": 4.0,
      "attack_speed": -2.4,
      "attributes": [
        {
          "id": "spell_power:fire",
          "value": 2.0,
          "operation": "ADDITION"
        }
      ]
    },
    "dragonsteel_arcane_spear": {
      "attack_damage": 9.5,
      "attack_speed": -3.1,
      "attributes": [
        {
          "id": "spell_power:arcane",
          "value": 5.0,
          "operation": "ADDITION"
        }
      ]
    },
    "dragonsteel_fire_flamberge": {
      "attack_damage": 10.0,
      "attack_speed": -3.2,
      "attributes": [
        {
          "id": "spell_power:fire",
          "value": 5.0,
          "operation": "ADDITION"
        }
      ]
    },
    "netherite_arcane_spear": {
      "attack_damage": 7.5,
      "attack_speed": -3.1,
      "attributes": [
        {
          "id": "spell_power:arcane",
          "value": 4.0,
          "operation": "ADDITION"
        }
      ]
    },
    "dragonsteel_fire_sword": {
      "attack_damage": 6.0,
      "attack_speed": -2.4,
      "attributes": [
        {
          "id": "spell_power:fire",
          "value": 4.0,
          "operation": "ADDITION"
        }
      ]
    },
    "dragonsteel_frost_great_hammer": {
      "attack_damage": 11.0,
      "attack_speed": -3.4,
      "attributes": [
        {
          "id": "spell_power:frost",
          "value": 5.0,
          "operation": "ADDITION"
        }
      ]
    },
    "iron_arcane_spear": {
      "attack_damage": 5.5,
      "attack_speed": -3.1,
      "attributes": [
        {
          "id": "spell_power:arcane",
          "value": 3.0,
          "operation": "ADDITION"
        }
      ]
    }
  },
  "armor_sets": {
    "frost_battlemage_armor_t2": {
      "armor_toughness": 0.0,
      "knockback_resistance": 0.0,
      "head": {
        "armor": 2,
        "attributes": [
          {
            "id": "spell_power:frost",
            "value": 1.0,
            "operation": "ADDITION"
          }
        ]
      },
      "chest": {
        "armor": 6,
        "attributes": [
          {
            "id": "spell_power:frost",
            "value": 1.0,
            "operation": "ADDITION"
          }
        ]
      },
      "legs": {
        "armor": 5,
        "attributes": [
          {
            "id": "spell_power:frost",
            "value": 1.0,
            "operation": "ADDITION"
          }
        ]
      },
      "feet": {
        "armor": 2,
        "attributes": [
          {
            "id": "spell_power:frost",
            "value": 1.0,
            "operation": "ADDITION"
          }
        ]
      }
    },
    "frost_battlemage_armor_t1": {
      "armor_toughness": 0.0,
      "knockback_resistance": 0.0,
      "head": {
        "armor": 2,
        "attributes": [
          {
            "id": "spell_power:frost",
            "value": 0.5,
            "operation": "ADDITION"
          }
        ]
      },
      "chest": {
        "armor": 6,
        "attributes": [
          {
            "id": "spell_power:frost",
            "value": 0.5,
            "operation": "ADDITION"
          }
        ]
      },
      "legs": {
        "armor": 5,
        "attributes": [
          {
            "id": "spell_power:frost",
            "value": 0.5,
            "operation": "ADDITION"
          }
        ]
      },
      "feet": {
        "armor": 2,
        "attributes": [
          {
            "id": "spell_power:frost",
            "value": 0.5,
            "operation": "ADDITION"
          }
        ]
      }
    },
    "arcane_battlemage_armor_t2": {
      "armor_toughness": 0.0,
      "knockback_resistance": 0.0,
      "head": {
        "armor": 2,
        "attributes": [
          {
            "id": "spell_power:arcane",
            "value": 1.0,
            "operation": "ADDITION"
          }
        ]
      },
      "chest": {
        "armor": 6,
        "attributes": [
          {
            "id": "spell_power:arcane",
            "value": 1.0,
            "operation": "ADDITION"
          }
        ]
      },
      "legs": {
        "armor": 5,
        "attributes": [
          {
            "id": "spell_power:arcane",
            "value": 1.0,
            "operation": "ADDITION"
          }
        ]
      },
      "feet": {
        "armor": 2,
        "attributes": [
          {
            "id": "spell_power:arcane",
            "value": 1.0,
            "operation": "ADDITION"
          }
        ]
      }
    },
    "fire_battlemage_armor_t1": {
      "armor_toughness": 0.0,
      "knockback_resistance": 0.0,
      "head": {
        "armor": 2,
        "attributes": [
          {
            "id": "spell_power:fire",
            "value": 0.5,
            "operation": "ADDITION"
          }
        ]
      },
      "chest": {
        "armor": 6,
        "attributes": [
          {
            "id": "spell_power:fire",
            "value": 0.5,
            "operation": "ADDITION"
          }
        ]
      },
      "legs": {
        "armor": 5,
        "attributes": [
          {
            "id": "spell_power:fire",
            "value": 0.5,
            "operation": "ADDITION"
          }
        ]
      },
      "feet": {
        "armor": 2,
        "attributes": [
          {
            "id": "spell_power:fire",
            "value": 0.5,
            "operation": "ADDITION"
          }
        ]
      }
    },
    "fire_battlemage_armor_t2": {
      "armor_toughness": 0.0,
      "knockback_resistance": 0.0,
      "head": {
        "armor": 2,
        "attributes": [
          {
            "id": "spell_power:fire",
            "value": 1.0,
            "operation": "ADDITION"
          }
        ]
      },
      "chest": {
        "armor": 6,
        "attributes": [
          {
            "id": "spell_power:fire",
            "value": 1.0,
            "operation": "ADDITION"
          }
        ]
      },
      "legs": {
        "armor": 5,
        "attributes": [
          {
            "id": "spell_power:fire",
            "value": 1.0,
            "operation": "ADDITION"
          }
        ]
      },
      "feet": {
        "armor": 2,
        "attributes": [
          {
            "id": "spell_power:fire",
            "value": 1.0,
            "operation": "ADDITION"
          }
        ]
      }
    },
    "arcane_battlemage_armor_t1": {
      "armor_toughness": 0.0,
      "knockback_resistance": 0.0,
      "head": {
        "armor": 2,
        "attributes": [
          {
            "id": "spell_power:arcane",
            "value": 0.5,
            "operation": "ADDITION"
          }
        ]
      },
      "chest": {
        "armor": 6,
        "attributes": [
          {
            "id": "spell_power:arcane",
            "value": 0.5,
            "operation": "ADDITION"
          }
        ]
      },
      "legs": {
        "armor": 5,
        "attributes": [
          {
            "id": "spell_power:arcane",
            "value": 0.5,
            "operation": "ADDITION"
          }
        ]
      },
      "feet": {
        "armor": 2,
        "attributes": [
          {
            "id": "spell_power:arcane",
            "value": 0.5,
            "operation": "ADDITION"
          }
        ]
      }
    }
  }
}