{
  "weapons": {
    "wand_netherite_terra": {
      "attack_damage": 2.0,
      "attack_speed": -2.4,
      "attributes": [
        {
          "id": "spell_power:earth",
          "value": 4.5,
          "operation": "ADDITION"
        }
      ]
    },
    "wand_terra": {
      "attack_damage": 2.0,
      "attack_speed": -2.4,
      "attributes": [
        {
          "id": "spell_power:earth",
          "value": 4.0,
          "operation": "ADDITION"
        }
      ]
    },
    "wand_wind": {
      "attack_damage": 2.0,
      "attack_speed": -2.4,
      "attributes": [
        {
          "id": "spell_power:air",
          "value": 4.0,
          "operation": "ADDITION"
        }
      ]
    },
    "staff_terra": {
      "attack_damage": 4.0,
      "attack_speed": -3.0,
      "attributes": [
        {
          "id": "spell_power:earth",
          "value": 5.0,
          "operation": "ADDITION"
        }
      ]
    },
    "wand_aqua": {
      "attack_damage": 2.0,
      "attack_speed": -2.4,
      "attributes": [
        {
          "id": "spell_power:water",
          "value": 4.0,
          "operation": "ADDITION"
        }
      ]
    },
    "staff_netherite_aqua": {
      "attack_damage": 4.0,
      "attack_speed": -3.0,
      "attributes": [
        {
          "id": "spell_power:water",
          "value": 6.0,
          "operation": "ADDITION"
        }
      ]
    },
    "staff_wind": {
      "attack_damage": 4.0,
      "attack_speed": -3.0,
      "attributes": [
        {
          "id": "spell_power:air",
          "value": 5.0,
          "operation": "ADDITION"
        }
      ]
    },
    "wand_feather": {
      "attack_damage": 2.0,
      "attack_speed": -2.4,
      "attributes": [
        {
          "id": "spell_power:air",
          "value": 3.0,
          "operation": "ADDITION"
        }
      ]
    },
    "wand_netherite_wind": {
      "attack_damage": 2.0,
      "attack_speed": -2.4,
      "attributes": [
        {
          "id": "spell_power:air",
          "value": 4.5,
          "operation": "ADDITION"
        }
      ]
    },
    "wand_kelp": {
      "attack_damage": 2.0,
      "attack_speed": -2.4,
      "attributes": [
        {
          "id": "spell_power:water",
          "value": 3.0,
          "operation": "ADDITION"
        }
      ]
    },
    "wand_clay": {
      "attack_damage": 2.0,
      "attack_speed": -2.4,
      "attributes": [
        {
          "id": "spell_power:earth",
          "value": 3.0,
          "operation": "ADDITION"
        }
      ]
    },
    "staff_elemental": {
      "attack_damage": 4.0,
      "attack_speed": -3.0,
      "attributes": [
        {
          "id": "spell_power:air",
          "value": 4.0,
          "operation": "ADDITION"
        },
        {
          "id": "spell_power:earth",
          "value": 4.0,
          "operation": "ADDITION"
        },
        {
          "id": "spell_power:water",
          "value": 4.0,
          "operation": "ADDITION"
        },
        {
          "id": "spell_power:fire",
          "value": 4.0,
          "operation": "ADDITION"
        }
      ]
    },
    "staff_netherite_terra": {
      "attack_damage": 4.0,
      "attack_speed": -3.0,
      "attributes": [
        {
          "id": "spell_power:earth",
          "value": 6.0,
          "operation": "ADDITION"
        }
      ]
    },
    "staff_netherite_wind": {
      "attack_damage": 4.0,
      "attack_speed": -3.0,
      "attributes": [
        {
          "id": "spell_power:air",
          "value": 6.0,
          "operation": "ADDITION"
        }
      ]
    },
    "wand_netherite_aqua": {
      "attack_damage": 2.0,
      "attack_speed": -2.4,
      "attributes": [
        {
          "id": "spell_power:water",
          "value": 4.5,
          "operation": "ADDITION"
        }
      ]
    },
    "staff_aqua": {
      "attack_damage": 4.0,
      "attack_speed": -3.0,
      "attributes": [
        {
          "id": "spell_power:water",
          "value": 5.0,
          "operation": "ADDITION"
        }
      ]
    }
  },
  "armor_sets": {
    "elemental": {
      "armor_toughness": 0.0,
      "knockback_resistance": 0.0,
      "head": {
        "armor": 1,
        "attributes": [
          {
            "id": "spell_power:air",
            "value": 0.2,
            "operation": "MULTIPLY_BASE"
          },
          {
            "id": "spell_power:earth",
            "value": 0.2,
            "operation": "MULTIPLY_BASE"
          },
          {
            "id": "spell_power:water",
            "value": 0.2,
            "operation": "MULTIPLY_BASE"
          },
          {
            "id": "spell_power:fire",
            "value": 0.2,
            "operation": "MULTIPLY_BASE"
          }
        ]
      },
      "chest": {
        "armor": 3,
        "attributes": [
          {
            "id": "spell_power:air",
            "value": 0.2,
            "operation": "MULTIPLY_BASE"
          },
          {
            "id": "spell_power:earth",
            "value": 0.2,
            "operation": "MULTIPLY_BASE"
          },
          {
            "id": "spell_power:water",
            "value": 0.2,
            "operation": "MULTIPLY_BASE"
          },
          {
            "id": "spell_power:fire",
            "value": 0.2,
            "operation": "MULTIPLY_BASE"
          }
        ]
      },
      "legs": {
        "armor": 2,
        "attributes": [
          {
            "id": "spell_power:air",
            "value": 0.2,
            "operation": "MULTIPLY_BASE"
          },
          {
            "id": "spell_power:earth",
            "value": 0.2,
            "operation": "MULTIPLY_BASE"
          },
          {
            "id": "spell_power:water",
            "value": 0.2,
            "operation": "MULTIPLY_BASE"
          },
          {
            "id": "spell_power:fire",
            "value": 0.2,
            "operation": "MULTIPLY_BASE"
          }
        ]
      },
      "feet": {
        "armor": 1,
        "attributes": [
          {
            "id": "spell_power:air",
            "value": 0.2,
            "operation": "MULTIPLY_BASE"
          },
          {
            "id": "spell_power:earth",
            "value": 0.2,
            "operation": "MULTIPLY_BASE"
          },
          {
            "id": "spell_power:water",
            "value": 0.2,
            "operation": "MULTIPLY_BASE"
          },
          {
            "id": "spell_power:fire",
            "value": 0.2,
            "operation": "MULTIPLY_BASE"
          }
        ]
      }
    },
    "netherite_kelp": {
      "armor_toughness": 0.0,
      "knockback_resistance": 0.0,
      "head": {
        "armor": 1,
        "attributes": [
          {
            "id": "spell_power:water",
            "value": 0.3,
            "operation": "MULTIPLY_BASE"
          },
          {
            "id": "spell_power:haste",
            "value": 0.03,
            "operation": "MULTIPLY_BASE"
          }
        ]
      },
      "chest": {
        "armor": 3,
        "attributes": [
          {
            "id": "spell_power:water",
            "value": 0.3,
            "operation": "MULTIPLY_BASE"
          },
          {
            "id": "spell_power:haste",
            "value": 0.03,
            "operation": "MULTIPLY_BASE"
          }
        ]
      },
      "legs": {
        "armor": 2,
        "attributes": [
          {
            "id": "spell_power:water",
            "value": 0.3,
            "operation": "MULTIPLY_BASE"
          },
          {
            "id": "spell_power:haste",
            "value": 0.03,
            "operation": "MULTIPLY_BASE"
          }
        ]
      },
      "feet": {
        "armor": 1,
        "attributes": [
          {
            "id": "spell_power:water",
            "value": 0.3,
            "operation": "MULTIPLY_BASE"
          },
          {
            "id": "spell_power:haste",
            "value": 0.03,
            "operation": "MULTIPLY_BASE"
          }
        ]
      }
    },
    "netherite_dripstone": {
      "armor_toughness": 0.0,
      "knockback_resistance": 0.0,
      "head": {
        "armor": 1,
        "attributes": [
          {
            "id": "spell_power:earth",
            "value": 0.3,
            "operation": "MULTIPLY_BASE"
          },
          {
            "id": "spell_power:critical_chance",
            "value": 0.02,
            "operation": "MULTIPLY_BASE"
          }
        ]
      },
      "chest": {
        "armor": 3,
        "attributes": [
          {
            "id": "spell_power:earth",
            "value": 0.3,
            "operation": "MULTIPLY_BASE"
          },
          {
            "id": "spell_power:critical_chance",
            "value": 0.02,
            "operation": "MULTIPLY_BASE"
          }
        ]
      },
      "legs": {
        "armor": 2,
        "attributes": [
          {
            "id": "spell_power:earth",
            "value": 0.3,
            "operation": "MULTIPLY_BASE"
          },
          {
            "id": "spell_power:critical_chance",
            "value": 0.02,
            "operation": "MULTIPLY_BASE"
          }
        ]
      },
      "feet": {
        "armor": 1,
        "attributes": [
          {
            "id": "spell_power:earth",
            "value": 0.3,
            "operation": "MULTIPLY_BASE"
          },
          {
            "id": "spell_power:critical_chance",
            "value": 0.02,
            "operation": "MULTIPLY_BASE"
          }
        ]
      }
    },
    "netherite_wind": {
      "armor_toughness": 0.0,
      "knockback_resistance": 0.0,
      "head": {
        "armor": 1,
        "attributes": [
          {
            "id": "spell_power:air",
            "value": 0.3,
            "operation": "MULTIPLY_BASE"
          },
          {
            "id": "spell_power:critical_damage",
            "value": 0.1,
            "operation": "MULTIPLY_BASE"
          }
        ]
      },
      "chest": {
        "armor": 3,
        "attributes": [
          {
            "id": "spell_power:air",
            "value": 0.3,
            "operation": "MULTIPLY_BASE"
          },
          {
            "id": "spell_power:critical_damage",
            "value": 0.1,
            "operation": "MULTIPLY_BASE"
          }
        ]
      },
      "legs": {
        "armor": 2,
        "attributes": [
          {
            "id": "spell_power:air",
            "value": 0.3,
            "operation": "MULTIPLY_BASE"
          },
          {
            "id": "spell_power:critical_damage",
            "value": 0.1,
            "operation": "MULTIPLY_BASE"
          }
        ]
      },
      "feet": {
        "armor": 1,
        "attributes": [
          {
            "id": "spell_power:air",
            "value": 0.3,
            "operation": "MULTIPLY_BASE"
          },
          {
            "id": "spell_power:critical_damage",
            "value": 0.1,
            "operation": "MULTIPLY_BASE"
          }
        ]
      }
    },
    "dripstone": {
      "armor_toughness": 0.0,
      "knockback_resistance": 0.0,
      "head": {
        "armor": 1,
        "attributes": [
          {
            "id": "spell_power:earth",
            "value": 0.25,
            "operation": "MULTIPLY_BASE"
          },
          {
            "id": "spell_power:critical_chance",
            "value": 0.02,
            "operation": "MULTIPLY_BASE"
          }
        ]
      },
      "chest": {
        "armor": 3,
        "attributes": [
          {
            "id": "spell_power:earth",
            "value": 0.25,
            "operation": "MULTIPLY_BASE"
          },
          {
            "id": "spell_power:critical_chance",
            "value": 0.02,
            "operation": "MULTIPLY_BASE"
          }
        ]
      },
      "legs": {
        "armor": 2,
        "attributes": [
          {
            "id": "spell_power:earth",
            "value": 0.25,
            "operation": "MULTIPLY_BASE"
          },
          {
            "id": "spell_power:critical_chance",
            "value": 0.02,
            "operation": "MULTIPLY_BASE"
          }
        ]
      },
      "feet": {
        "armor": 1,
        "attributes": [
          {
            "id": "spell_power:earth",
            "value": 0.25,
            "operation": "MULTIPLY_BASE"
          },
          {
            "id": "spell_power:critical_chance",
            "value": 0.02,
            "operation": "MULTIPLY_BASE"
          }
        ]
      }
    },
    "kelp": {
      "armor_toughness": 0.0,
      "knockback_resistance": 0.0,
      "head": {
        "armor": 1,
        "attributes": [
          {
            "id": "spell_power:water",
            "value": 0.25,
            "operation": "MULTIPLY_BASE"
          },
          {
            "id": "spell_power:haste",
            "value": 0.03,
            "operation": "MULTIPLY_BASE"
          }
        ]
      },
      "chest": {
        "armor": 3,
        "attributes": [
          {
            "id": "spell_power:water",
            "value": 0.25,
            "operation": "MULTIPLY_BASE"
          },
          {
            "id": "spell_power:haste",
            "value": 0.03,
            "operation": "MULTIPLY_BASE"
          }
        ]
      },
      "legs": {
        "armor": 2,
        "attributes": [
          {
            "id": "spell_power:water",
            "value": 0.25,
            "operation": "MULTIPLY_BASE"
          },
          {
            "id": "spell_power:haste",
            "value": 0.03,
            "operation": "MULTIPLY_BASE"
          }
        ]
      },
      "feet": {
        "armor": 1,
        "attributes": [
          {
            "id": "spell_power:water",
            "value": 0.25,
            "operation": "MULTIPLY_BASE"
          },
          {
            "id": "spell_power:haste",
            "value": 0.03,
            "operation": "MULTIPLY_BASE"
          }
        ]
      }
    },
    "wind": {
      "armor_toughness": 0.0,
      "knockback_resistance": 0.0,
      "head": {
        "armor": 1,
        "attributes": [
          {
            "id": "spell_power:air",
            "value": 0.25,
            "operation": "MULTIPLY_BASE"
          },
          {
            "id": "spell_power:critical_damage",
            "value": 0.1,
            "operation": "MULTIPLY_BASE"
          }
        ]
      },
      "chest": {
        "armor": 3,
        "attributes": [
          {
            "id": "spell_power:air",
            "value": 0.25,
            "operation": "MULTIPLY_BASE"
          },
          {
            "id": "spell_power:critical_damage",
            "value": 0.1,
            "operation": "MULTIPLY_BASE"
          }
        ]
      },
      "legs": {
        "armor": 2,
        "attributes": [
          {
            "id": "spell_power:air",
            "value": 0.25,
            "operation": "MULTIPLY_BASE"
          },
          {
            "id": "spell_power:critical_damage",
            "value": 0.1,
            "operation": "MULTIPLY_BASE"
          }
        ]
      },
      "feet": {
        "armor": 1,
        "attributes": [
          {
            "id": "spell_power:air",
            "value": 0.25,
            "operation": "MULTIPLY_BASE"
          },
          {
            "id": "spell_power:critical_damage",
            "value": 0.1,
            "operation": "MULTIPLY_BASE"
          }
        ]
      }
    }
  }
}