{
  "blood_endurance_bonus": -0.3,
  "corruption_endurance_bonus": -0.3,
  "nature_endurance_bonus": -0.3,
  "sound_endurance_bonus": -0.3,
  "water_endurance_bonus": -0.3,
  "wind_endurance_bonus": -0.3,
  "blood_vulnerability_malus": 0.3,
  "corruption_vulnerability_malus": 0.3,
  "nature_vulnerability_malus": 0.3,
  "sound_vulnerability_malus": 0.3,
  "water_vulnerability_malus": 0.3,
  "wind_vulnerability_malus": 0.3,
  "blood_spell_power_bonus": 0.2,
  "blood_spell_weakness_malus": -0.2,
  "corruption_spell_power_bonus": 0.2,
  "corruption_spell_weakness_malus": -0.2,
  "nature_spell_power_bonus": 0.2,
  "nature_spell_weakness_malus": -0.2,
  "sound_spell_power_bonus": 0.2,
  "sound_spell_weakness_malus": -0.2,
  "water_spell_power_bonus": 0.2,
  "water_spell_weakness_malus": -0.2,
  "wind_spell_power_bonus": 0.2,
  "wind_spell_weakness_malus": -0.2
}