{
  "ranged_weapons": {
    "lne_archers:ender_dragon_long_bow": {
      "pull_time": 30,
      "damage": 12.75,
      "velocity": 0.0
    },
    "lne_archers:ender_dragon_bow": {
      "pull_time": 16,
      "damage": 9.5,
      "velocity": 0.0
    },
    "lne_archers:glacial_heavy_crossbow": {
      "pull_time": 35,
      "damage": 16.0,
      "velocity": 0.0
    },
    "lne_archers:elder_guardian_long_bow": {
      "pull_time": 30,
      "damage": 12.75,
      "velocity": 0.0
    },
    "lne_archers:elder_guardian_heavy_crossbow": {
      "pull_time": 35,
      "damage": 16.0,
      "velocity": 0.0
    },
    "lne_archers:glacial_rapid_crossbow": {
      "pull_time": 20,
      "damage": 10.0,
      "velocity": 0.0
    },
    "lne_archers:wither_heavy_crossbow": {
      "pull_time": 35,
      "damage": 16.0,
      "velocity": 0.0
    },
    "lne_archers:elder_guardian_bow": {
      "pull_time": 16,
      "damage": 9.5,
      "velocity": 0.0
    },
    "lne_archers:ender_dragon_rapid_crossbow": {
      "pull_time": 20,
      "damage": 10.0,
      "velocity": 0.0
    },
    "lne_archers:glacial_long_bow": {
      "pull_time": 30,
      "damage": 12.75,
      "velocity": 0.0
    },
    "lne_archers:elder_guardian_rapid_crossbow": {
      "pull_time": 20,
      "damage": 10.0,
      "velocity": 0.0
    },
    "lne_archers:glacial_bow": {
      "pull_time": 16,
      "damage": 9.5,
      "velocity": 0.0
    },
    "lne_archers:wither_rapid_crossbow": {
      "pull_time": 20,
      "damage": 10.0,
      "velocity": 0.0
    },
    "lne_archers:wither_bow": {
      "pull_time": 16,
      "damage": 9.5,
      "velocity": 0.0
    },
    "lne_archers:wither_long_bow": {
      "pull_time": 30,
      "damage": 12.75,
      "velocity": 0.0
    },
    "lne_archers:ender_dragon_heavy_crossbow": {
      "pull_time": 35,
      "damage": 16.0,
      "velocity": 0.0
    }
  },
  "melee_weapons": {
    "wither_spear": {
      "attack_damage": 7.5,
      "attack_speed": -2.6,
      "attributes": [
        {
          "id": "spell_power:soul",
          "value": 3.0,
          "operation": "ADDITION"
        }
      ]
    },
    "glacial_spear": {
      "attack_damage": 7.5,
      "attack_speed": -2.6,
      "attributes": [
        {
          "id": "spell_power:frost",
          "value": 3.0,
          "operation": "ADDITION"
        }
      ]
    },
    "elder_guardian_spear": {
      "attack_damage": 7.5,
      "attack_speed": -2.6,
      "attributes": [
        {
          "id": "spell_power:water",
          "value": 3.0,
          "operation": "ADDITION"
        }
      ]
    },
    "ender_dragon_spear": {
      "attack_damage": 7.5,
      "attack_speed": -2.6,
      "attributes": [
        {
          "id": "spell_power:arcane",
          "value": 3.0,
          "operation": "ADDITION"
        }
      ]
    }
  }
}