[
  {
    "user": {
      "type": "player",
      "name": "TheSynGirls",
      "uniqueId": "b0236737-c5be-46ea-ac1f-42aa7ece4ce8"
    },
    "time": 1744055959185,
    "type": "Profiler (live)",
    "data": {
      "type": "url",
      "value": "https://spark.lucko.me/7NxdVq13ws"
    }
  },
  {
    "user": {
      "type": "player",
      "name": "TheSynGirls",
      "uniqueId": "b0236737-c5be-46ea-ac1f-42aa7ece4ce8"
    },
    "time": 1744054414975,
    "type": "Profiler (live)",
    "data": {
      "type": "url",
      "value": "https://spark.lucko.me/dRTUJJhBk0"
    }
  },
  {
    "user": {
      "type": "player",
      "name": "TheSynGirls",
      "uniqueId": "b0236737-c5be-46ea-ac1f-42aa7ece4ce8"
    },
    "time": 1744052874737,
    "type": "Profiler (live)",
    "data": {
      "type": "url",
      "value": "https://spark.lucko.me/cbsXUIBv95"
    }
  },
  {
    "user": {
      "type": "player",
      "name": "TheSynGirls",
      "uniqueId": "b0236737-c5be-46ea-ac1f-42aa7ece4ce8"
    },
    "time": 1741107606422,
    "type": "Profiler (live)",
    "data": {
      "type": "url",
      "value": "https://spark.lucko.me/65ji4VpyD7"
    }
  },
  {
    "user": {
      "type": "player",
      "name": "TheSynGirls",
      "uniqueId": "b0236737-c5be-46ea-ac1f-42aa7ece4ce8"
    },
    "time": 1740696666859,
    "type": "Profiler (live)",
    "data": {
      "type": "url",
      "value": "https://spark.lucko.me/xPx84majIg"
    }
  },
  {
    "user": {
      "type": "player",
      "name": "TheSynGirls",
      "uniqueId": "b0236737-c5be-46ea-ac1f-42aa7ece4ce8"
    },
    "time": 1740696543018,
    "type": "Profiler (live)",
    "data": {
      "type": "url",
      "value": "https://spark.lucko.me/m14qoZYzuv"
    }
  }
]