{
  "fire_endurance_bonus": -0.3,
  "frost_endurance_bonus": -0.3,
  "arcane_endurance_bonus": -0.3,
  "holy_endurance_bonus": -0.3,
  "lightning_endurance_bonus": -0.3,
  "soul_endurance_bonus": -0.3,
  "fire_vulnerability_malus": 0.3,
  "frost_vulnerability_malus": 0.3,
  "arcane_vulnerability_malus": 0.3,
  "holy_vulnerability_malus": 0.3,
  "lightning_vulnerability_malus": 0.3,
  "soul_vulnerability_malus": 0.3,
  "improved_strength_bonus": 0.2,
  "improved_weakness_malus": -0.2,
  "fire_spell_power_bonus": 0.2,
  "fire_spell_weakness_malus": -0.2,
  "frost_spell_power_bonus": 0.2,
  "frost_spell_weakness_malus": -0.2,
  "arcane_spell_power_bonus": 0.2,
  "arcane_spell_weakness_malus": -0.2,
  "holy_spell_power_bonus": 0.2,
  "holy_spell_weakness_malus": -0.2,
  "lightning_spell_power_bonus": 0.2,
  "lightning_spell_weakness_malus": -0.2,
  "soul_spell_power_bonus": 0.2,
  "soul_spell_weakness_malus": -0.2,
  "impact_power_bonus": 0.2,
  "impact_weakness_malus": -0.2,
  "critical_damage_power_bonus": 0.4,
  "critical_chance_power_bonus": 0.2,
  "haste_spell_power_bonus": 0.2,
  "haste_fire_power_bonus": 0.2,
  "stone_skin_bonus": 4.0,
  "paper_skin_malus": -4.0
}