{
  "weapons": {
    "soul_berserker_axe": {
      "attack_damage": 13.0,
      "attack_speed": -3.1,
      "attributes": [
        {
          "id": "more_rpg_classes:rage_modifier",
          "value": 0.08,
          "operation": "MULTIPLY_BASE"
        },
        {
          "id": "spell_power:arcane",
          "value": 3.0,
          "operation": "ADDITION"
        }
      ]
    },
    "flint_berserker_axe": {
      "attack_damage": 7.0,
      "attack_speed": -3.1,
      "attributes": []
    },
    "stone_berserker_axe": {
      "attack_damage": 9.0,
      "attack_speed": -3.1,
      "attributes": [
        {
          "id": "more_rpg_classes:rage_modifier",
          "value": 0.01,
          "operation": "MULTIPLY_BASE"
        }
      ]
    },
    "frozen_berserker_axe": {
      "attack_damage": 13.0,
      "attack_speed": -3.1,
      "attributes": [
        {
          "id": "more_rpg_classes:rage_modifier",
          "value": 0.08,
          "operation": "MULTIPLY_BASE"
        },
        {
          "id": "spell_power:frost",
          "value": 3.0,
          "operation": "ADDITION"
        }
      ]
    },
    "golden_berserker_axe": {
      "attack_damage": 7.0,
      "attack_speed": -3.1,
      "attributes": [
        {
          "id": "more_rpg_classes:rage_modifier",
          "value": 0.02,
          "operation": "MULTIPLY_BASE"
        }
      ]
    },
    "ender_dragon_berserker_axe": {
      "attack_damage": 13.0,
      "attack_speed": -3.1,
      "attributes": [
        {
          "id": "more_rpg_classes:rage_modifier",
          "value": 0.08,
          "operation": "MULTIPLY_BASE"
        },
        {
          "id": "spell_power:arcane",
          "value": 3.0,
          "operation": "ADDITION"
        }
      ]
    },
    "thunder_berserker_axe": {
      "attack_damage": 11.5,
      "attack_speed": -3.1,
      "attributes": [
        {
          "id": "more_rpg_classes:rage_modifier",
          "value": 0.075,
          "operation": "MULTIPLY_BASE"
        },
        {
          "id": "spell_power:lightning",
          "value": 3.0,
          "operation": "ADDITION"
        }
      ]
    },
    "diamond_berserker_axe": {
      "attack_damage": 10.5,
      "attack_speed": -3.1,
      "attributes": [
        {
          "id": "more_rpg_classes:rage_modifier",
          "value": 0.035,
          "operation": "MULTIPLY_BASE"
        }
      ]
    },
    "netherite_berserker_axe": {
      "attack_damage": 12.0,
      "attack_speed": -3.1,
      "attributes": [
        {
          "id": "more_rpg_classes:rage_modifier",
          "value": 0.05,
          "operation": "MULTIPLY_BASE"
        }
      ]
    },
    "elder_guardian_berserker_axe": {
      "attack_damage": 13.0,
      "attack_speed": -3.1,
      "attributes": [
        {
          "id": "more_rpg_classes:rage_modifier",
          "value": 0.08,
          "operation": "MULTIPLY_BASE"
        },
        {
          "id": "spell_power:water",
          "value": 3.0,
          "operation": "ADDITION"
        }
      ]
    },
    "iron_berserker_axe": {
      "attack_damage": 9.0,
      "attack_speed": -3.1,
      "attributes": [
        {
          "id": "more_rpg_classes:rage_modifier",
          "value": 0.02,
          "operation": "MULTIPLY_BASE"
        }
      ]
    }
  },
  "armor_sets": {
    "netherite_northling": {
      "armor_toughness": 0.0,
      "knockback_resistance": 0.0,
      "head": {
        "armor": 2,
        "attributes": [
          {
            "id": "minecraft:generic.attack_speed",
            "value": 0.04,
            "operation": "MULTIPLY_BASE"
          },
          {
            "id": "more_rpg_classes:rage_modifier",
            "value": 0.075,
            "operation": "MULTIPLY_BASE"
          },
          {
            "id": "minecraft:generic.attack_damage",
            "value": 0.05,
            "operation": "MULTIPLY_BASE"
          }
        ]
      },
      "chest": {
        "armor": 5,
        "attributes": [
          {
            "id": "minecraft:generic.attack_speed",
            "value": 0.04,
            "operation": "MULTIPLY_BASE"
          },
          {
            "id": "more_rpg_classes:rage_modifier",
            "value": 0.075,
            "operation": "MULTIPLY_BASE"
          },
          {
            "id": "minecraft:generic.attack_damage",
            "value": 0.05,
            "operation": "MULTIPLY_BASE"
          }
        ]
      },
      "legs": {
        "armor": 3,
        "attributes": [
          {
            "id": "minecraft:generic.attack_speed",
            "value": 0.04,
            "operation": "MULTIPLY_BASE"
          },
          {
            "id": "more_rpg_classes:rage_modifier",
            "value": 0.075,
            "operation": "MULTIPLY_BASE"
          },
          {
            "id": "minecraft:generic.attack_damage",
            "value": 0.05,
            "operation": "MULTIPLY_BASE"
          }
        ]
      },
      "feet": {
        "armor": 2,
        "attributes": [
          {
            "id": "minecraft:generic.attack_speed",
            "value": 0.04,
            "operation": "MULTIPLY_BASE"
          },
          {
            "id": "more_rpg_classes:rage_modifier",
            "value": 0.075,
            "operation": "MULTIPLY_BASE"
          },
          {
            "id": "minecraft:generic.attack_damage",
            "value": 0.05,
            "operation": "MULTIPLY_BASE"
          }
        ]
      }
    },
    "northling": {
      "armor_toughness": 0.0,
      "knockback_resistance": 0.0,
      "head": {
        "armor": 2,
        "attributes": [
          {
            "id": "minecraft:generic.attack_speed",
            "value": 0.04,
            "operation": "MULTIPLY_BASE"
          },
          {
            "id": "more_rpg_classes:rage_modifier",
            "value": 0.05,
            "operation": "MULTIPLY_BASE"
          },
          {
            "id": "minecraft:generic.attack_damage",
            "value": 0.03,
            "operation": "MULTIPLY_BASE"
          }
        ]
      },
      "chest": {
        "armor": 5,
        "attributes": [
          {
            "id": "minecraft:generic.attack_speed",
            "value": 0.04,
            "operation": "MULTIPLY_BASE"
          },
          {
            "id": "more_rpg_classes:rage_modifier",
            "value": 0.05,
            "operation": "MULTIPLY_BASE"
          },
          {
            "id": "minecraft:generic.attack_damage",
            "value": 0.03,
            "operation": "MULTIPLY_BASE"
          }
        ]
      },
      "legs": {
        "armor": 3,
        "attributes": [
          {
            "id": "minecraft:generic.attack_speed",
            "value": 0.04,
            "operation": "MULTIPLY_BASE"
          },
          {
            "id": "more_rpg_classes:rage_modifier",
            "value": 0.05,
            "operation": "MULTIPLY_BASE"
          },
          {
            "id": "minecraft:generic.attack_damage",
            "value": 0.03,
            "operation": "MULTIPLY_BASE"
          }
        ]
      },
      "feet": {
        "armor": 2,
        "attributes": [
          {
            "id": "minecraft:generic.attack_speed",
            "value": 0.04,
            "operation": "MULTIPLY_BASE"
          },
          {
            "id": "more_rpg_classes:rage_modifier",
            "value": 0.05,
            "operation": "MULTIPLY_BASE"
          },
          {
            "id": "minecraft:generic.attack_damage",
            "value": 0.03,
            "operation": "MULTIPLY_BASE"
          }
        ]
      }
    },
    "wildling": {
      "armor_toughness": 0.0,
      "knockback_resistance": 0.0,
      "head": {
        "armor": 1,
        "attributes": [
          {
            "id": "minecraft:generic.attack_speed",
            "value": 0.02,
            "operation": "MULTIPLY_BASE"
          },
          {
            "id": "more_rpg_classes:rage_modifier",
            "value": 0.025,
            "operation": "MULTIPLY_BASE"
          }
        ]
      },
      "chest": {
        "armor": 3,
        "attributes": [
          {
            "id": "minecraft:generic.attack_speed",
            "value": 0.02,
            "operation": "MULTIPLY_BASE"
          },
          {
            "id": "more_rpg_classes:rage_modifier",
            "value": 0.025,
            "operation": "MULTIPLY_BASE"
          }
        ]
      },
      "legs": {
        "armor": 2,
        "attributes": [
          {
            "id": "minecraft:generic.attack_speed",
            "value": 0.02,
            "operation": "MULTIPLY_BASE"
          },
          {
            "id": "more_rpg_classes:rage_modifier",
            "value": 0.025,
            "operation": "MULTIPLY_BASE"
          }
        ]
      },
      "feet": {
        "armor": 1,
        "attributes": [
          {
            "id": "minecraft:generic.attack_speed",
            "value": 0.02,
            "operation": "MULTIPLY_BASE"
          },
          {
            "id": "more_rpg_classes:rage_modifier",
            "value": 0.025,
            "operation": "MULTIPLY_BASE"
          }
        ]
      }
    }
  }
}